<application>
  <component name="libraryTable">
    <library name="groovy-3.0.3">
      <CLASSES>
        <root url="jar://C:/tools/groovy-3.0.3/lib/ant-1.10.7.jar!/" />
        <root url="jar://C:/tools/groovy-3.0.3/lib/ant-antlr-1.10.7.jar!/" />
        <root url="jar://C:/tools/groovy-3.0.3/lib/ant-junit-1.10.7.jar!/" />
        <root url="jar://C:/tools/groovy-3.0.3/lib/ant-launcher-1.10.7.jar!/" />
        <root url="jar://C:/tools/groovy-3.0.3/lib/bsf-2.4.0.jar!/" />
        <root url="jar://C:/tools/groovy-3.0.3/lib/commons-cli-1.4.jar!/" />
        <root url="jar://C:/tools/groovy-3.0.3/lib/commons-logging-1.2.jar!/" />
        <root url="jar://C:/tools/groovy-3.0.3/lib/gpars-1.2.1.jar!/" />
        <root url="jar://C:/tools/groovy-3.0.3/lib/groovy-3.0.3.jar!/" />
        <root url="jar://C:/tools/groovy-3.0.3/lib/groovy-ant-3.0.3.jar!/" />
        <root url="jar://C:/tools/groovy-3.0.3/lib/groovy-astbuilder-3.0.3.jar!/" />
        <root url="jar://C:/tools/groovy-3.0.3/lib/groovy-bsf-3.0.3.jar!/" />
        <root url="jar://C:/tools/groovy-3.0.3/lib/groovy-cli-commons-3.0.3.jar!/" />
        <root url="jar://C:/tools/groovy-3.0.3/lib/groovy-cli-picocli-3.0.3.jar!/" />
        <root url="jar://C:/tools/groovy-3.0.3/lib/groovy-console-3.0.3.jar!/" />
        <root url="jar://C:/tools/groovy-3.0.3/lib/groovy-datetime-3.0.3.jar!/" />
        <root url="jar://C:/tools/groovy-3.0.3/lib/groovy-dateutil-3.0.3.jar!/" />
        <root url="jar://C:/tools/groovy-3.0.3/lib/groovy-docgenerator-3.0.3.jar!/" />
        <root url="jar://C:/tools/groovy-3.0.3/lib/groovy-groovydoc-3.0.3.jar!/" />
        <root url="jar://C:/tools/groovy-3.0.3/lib/groovy-groovysh-3.0.3.jar!/" />
        <root url="jar://C:/tools/groovy-3.0.3/lib/groovy-jaxb-3.0.3.jar!/" />
        <root url="jar://C:/tools/groovy-3.0.3/lib/groovy-jmx-3.0.3.jar!/" />
        <root url="jar://C:/tools/groovy-3.0.3/lib/groovy-json-3.0.3.jar!/" />
        <root url="jar://C:/tools/groovy-3.0.3/lib/groovy-jsr223-3.0.3.jar!/" />
        <root url="jar://C:/tools/groovy-3.0.3/lib/groovy-macro-3.0.3.jar!/" />
        <root url="jar://C:/tools/groovy-3.0.3/lib/groovy-nio-3.0.3.jar!/" />
        <root url="jar://C:/tools/groovy-3.0.3/lib/groovy-servlet-3.0.3.jar!/" />
        <root url="jar://C:/tools/groovy-3.0.3/lib/groovy-sql-3.0.3.jar!/" />
        <root url="jar://C:/tools/groovy-3.0.3/lib/groovy-swing-3.0.3.jar!/" />
        <root url="jar://C:/tools/groovy-3.0.3/lib/groovy-templates-3.0.3.jar!/" />
        <root url="jar://C:/tools/groovy-3.0.3/lib/groovy-test-3.0.3.jar!/" />
        <root url="jar://C:/tools/groovy-3.0.3/lib/groovy-test-junit5-3.0.3.jar!/" />
        <root url="jar://C:/tools/groovy-3.0.3/lib/groovy-testng-3.0.3.jar!/" />
        <root url="jar://C:/tools/groovy-3.0.3/lib/groovy-xml-3.0.3.jar!/" />
        <root url="jar://C:/tools/groovy-3.0.3/lib/groovy-yaml-3.0.3.jar!/" />
        <root url="jar://C:/tools/groovy-3.0.3/lib/hamcrest-core-1.3.jar!/" />
        <root url="jar://C:/tools/groovy-3.0.3/lib/ivy-2.5.0.jar!/" />
        <root url="jar://C:/tools/groovy-3.0.3/lib/jackson-annotations-2.10.3.jar!/" />
        <root url="jar://C:/tools/groovy-3.0.3/lib/jackson-core-2.10.3.jar!/" />
        <root url="jar://C:/tools/groovy-3.0.3/lib/jackson-databind-2.10.3.jar!/" />
        <root url="jar://C:/tools/groovy-3.0.3/lib/jackson-dataformat-yaml-2.10.3.jar!/" />
        <root url="jar://C:/tools/groovy-3.0.3/lib/jansi-1.18.jar!/" />
        <root url="jar://C:/tools/groovy-3.0.3/lib/javaparser-core-3.15.17.jar!/" />
        <root url="jar://C:/tools/groovy-3.0.3/lib/javax.servlet-api-3.0.1.jar!/" />
        <root url="jar://C:/tools/groovy-3.0.3/lib/jcommander-1.72.jar!/" />
        <root url="jar://C:/tools/groovy-3.0.3/lib/jline-2.14.6.jar!/" />
        <root url="jar://C:/tools/groovy-3.0.3/lib/jsp-api-2.0.jar!/" />
        <root url="jar://C:/tools/groovy-3.0.3/lib/jsr166y-1.7.0.jar!/" />
        <root url="jar://C:/tools/groovy-3.0.3/lib/junit-4.13.jar!/" />
        <root url="jar://C:/tools/groovy-3.0.3/lib/junit-jupiter-api-5.6.0.jar!/" />
        <root url="jar://C:/tools/groovy-3.0.3/lib/junit-jupiter-engine-5.6.0.jar!/" />
        <root url="jar://C:/tools/groovy-3.0.3/lib/junit-platform-commons-1.6.0.jar!/" />
        <root url="jar://C:/tools/groovy-3.0.3/lib/junit-platform-engine-1.6.0.jar!/" />
        <root url="jar://C:/tools/groovy-3.0.3/lib/junit-platform-launcher-1.6.0.jar!/" />
        <root url="jar://C:/tools/groovy-3.0.3/lib/multiverse-core-0.7.0.jar!/" />
        <root url="jar://C:/tools/groovy-3.0.3/lib/opentest4j-1.2.0.jar!/" />
        <root url="jar://C:/tools/groovy-3.0.3/lib/org.abego.treelayout.core-1.0.1.jar!/" />
        <root url="jar://C:/tools/groovy-3.0.3/lib/qdox-1.12.1.jar!/" />
        <root url="jar://C:/tools/groovy-3.0.3/lib/snakeyaml-1.24.jar!/" />
        <root url="jar://C:/tools/groovy-3.0.3/lib/ST4-4.1.jar!/" />
        <root url="jar://C:/tools/groovy-3.0.3/lib/testng-6.14.3.jar!/" />
        <root url="jar://C:/tools/groovy-3.0.3/lib/xstream-1.4.11.1.jar!/" />
      </CLASSES>
      <JAVADOC />
      <SOURCES />
    </library>
  </component>
</application>