<application>
  <component name="DepsSettings">
    <option name="clojureCommandPath" value="" />
    <option name="downloadedClasspath">
      <list>
        <option value="C:\Users\Benno Löffler\.m2\repository\org\clojure\tools.deps.alpha\0.9.763\tools.deps.alpha-0.9.763.jar" />
        <option value="C:\Users\Benno Löffler\.m2\repository\org\apache\maven\resolver\maven-resolver-api\1.4.1\maven-resolver-api-1.4.1.jar" />
        <option value="C:\Users\Benno Löffler\.m2\repository\org\apache\maven\resolver\maven-resolver-spi\1.4.1\maven-resolver-spi-1.4.1.jar" />
        <option value="C:\Users\Benno Löffler\.m2\repository\org\apache\maven\resolver\maven-resolver-impl\1.4.1\maven-resolver-impl-1.4.1.jar" />
        <option value="C:\Users\Benno Löffler\.m2\repository\org\slf4j\slf4j-api\1.7.25\slf4j-api-1.7.25.jar" />
        <option value="C:\Users\Benno Löffler\.m2\repository\org\apache\maven\resolver\maven-resolver-util\1.4.1\maven-resolver-util-1.4.1.jar" />
        <option value="C:\Users\Benno Löffler\.m2\repository\org\apache\maven\resolver\maven-resolver-connector-basic\1.4.1\maven-resolver-connector-basic-1.4.1.jar" />
        <option value="C:\Users\Benno Löffler\.m2\repository\org\apache\maven\resolver\maven-resolver-transport-file\1.4.1\maven-resolver-transport-file-1.4.1.jar" />
        <option value="C:\Users\Benno Löffler\.m2\repository\org\apache\maven\resolver\maven-resolver-transport-http\1.4.1\maven-resolver-transport-http-1.4.1.jar" />
        <option value="C:\Users\Benno Löffler\.m2\repository\org\apache\httpcomponents\httpclient\4.5.6\httpclient-4.5.6.jar" />
        <option value="C:\Users\Benno Löffler\.m2\repository\org\apache\httpcomponents\httpcore\4.4.10\httpcore-4.4.10.jar" />
        <option value="C:\Users\Benno Löffler\.m2\repository\org\slf4j\jcl-over-slf4j\1.7.25\jcl-over-slf4j-1.7.25.jar" />
        <option value="C:\Users\Benno Löffler\.m2\repository\org\apache\maven\maven-resolver-provider\3.6.3\maven-resolver-provider-3.6.3.jar" />
        <option value="C:\Users\Benno Löffler\.m2\repository\org\apache\maven\maven-model\3.6.3\maven-model-3.6.3.jar" />
        <option value="C:\Users\Benno Löffler\.m2\repository\org\apache\maven\maven-model-builder\3.6.3\maven-model-builder-3.6.3.jar" />
        <option value="C:\Users\Benno Löffler\.m2\repository\org\codehaus\plexus\plexus-interpolation\1.25\plexus-interpolation-1.25.jar" />
        <option value="C:\Users\Benno Löffler\.m2\repository\org\apache\maven\maven-repository-metadata\3.6.3\maven-repository-metadata-3.6.3.jar" />
        <option value="C:\Users\Benno Löffler\.m2\repository\org\codehaus\plexus\plexus-utils\3.2.1\plexus-utils-3.2.1.jar" />
        <option value="C:\Users\Benno Löffler\.m2\repository\org\apache\maven\maven-core\3.6.3\maven-core-3.6.3.jar" />
        <option value="C:\Users\Benno Löffler\.m2\repository\org\apache\maven\maven-settings\3.6.3\maven-settings-3.6.3.jar" />
        <option value="C:\Users\Benno Löffler\.m2\repository\org\apache\maven\maven-settings-builder\3.6.3\maven-settings-builder-3.6.3.jar" />
        <option value="C:\Users\Benno Löffler\.m2\repository\org\sonatype\plexus\plexus-sec-dispatcher\1.4\plexus-sec-dispatcher-1.4.jar" />
        <option value="C:\Users\Benno Löffler\.m2\repository\org\sonatype\plexus\plexus-cipher\1.4\plexus-cipher-1.4.jar" />
        <option value="C:\Users\Benno Löffler\.m2\repository\org\apache\maven\maven-builder-support\3.6.3\maven-builder-support-3.6.3.jar" />
        <option value="C:\Users\Benno Löffler\.m2\repository\org\apache\maven\maven-artifact\3.6.3\maven-artifact-3.6.3.jar" />
        <option value="C:\Users\Benno Löffler\.m2\repository\org\apache\maven\maven-plugin-api\3.6.3\maven-plugin-api-3.6.3.jar" />
        <option value="C:\Users\Benno Löffler\.m2\repository\org\apache\maven\shared\maven-shared-utils\3.2.1\maven-shared-utils-3.2.1.jar" />
        <option value="C:\Users\Benno Löffler\.m2\repository\commons-io\commons-io\2.5\commons-io-2.5.jar" />
        <option value="C:\Users\Benno Löffler\.m2\repository\org\eclipse\sisu\org.eclipse.sisu.plexus\0.3.4\org.eclipse.sisu.plexus-0.3.4.jar" />
        <option value="C:\Users\Benno Löffler\.m2\repository\javax\enterprise\cdi-api\1.0\cdi-api-1.0.jar" />
        <option value="C:\Users\Benno Löffler\.m2\repository\javax\annotation\jsr250-api\1.0\jsr250-api-1.0.jar" />
        <option value="C:\Users\Benno Löffler\.m2\repository\org\eclipse\sisu\org.eclipse.sisu.inject\0.3.4\org.eclipse.sisu.inject-0.3.4.jar" />
        <option value="C:\Users\Benno Löffler\.m2\repository\com\google\inject\guice\4.2.1\guice-4.2.1-no_aop.jar" />
        <option value="C:\Users\Benno Löffler\.m2\repository\aopalliance\aopalliance\1.0\aopalliance-1.0.jar" />
        <option value="C:\Users\Benno Löffler\.m2\repository\com\google\guava\guava\25.1-android\guava-25.1-android.jar" />
        <option value="C:\Users\Benno Löffler\.m2\repository\com\google\code\findbugs\jsr305\3.0.2\jsr305-3.0.2.jar" />
        <option value="C:\Users\Benno Löffler\.m2\repository\org\checkerframework\checker-compat-qual\2.0.0\checker-compat-qual-2.0.0.jar" />
        <option value="C:\Users\Benno Löffler\.m2\repository\com\google\errorprone\error_prone_annotations\2.1.3\error_prone_annotations-2.1.3.jar" />
        <option value="C:\Users\Benno Löffler\.m2\repository\com\google\j2objc\j2objc-annotations\1.1\j2objc-annotations-1.1.jar" />
        <option value="C:\Users\Benno Löffler\.m2\repository\org\codehaus\mojo\animal-sniffer-annotations\1.14\animal-sniffer-annotations-1.14.jar" />
        <option value="C:\Users\Benno Löffler\.m2\repository\org\codehaus\plexus\plexus-classworlds\2.6.0\plexus-classworlds-2.6.0.jar" />
        <option value="C:\Users\Benno Löffler\.m2\repository\org\codehaus\plexus\plexus-component-annotations\2.1.0\plexus-component-annotations-2.1.0.jar" />
        <option value="C:\Users\Benno Löffler\.m2\repository\org\apache\commons\commons-lang3\3.8.1\commons-lang3-3.8.1.jar" />
        <option value="C:\Users\Benno Löffler\.m2\repository\org\clojure\data.xml\0.2.0-alpha6\data.xml-0.2.0-alpha6.jar" />
        <option value="C:\Users\Benno Löffler\.m2\repository\org\clojure\data.codec\0.1.0\data.codec-0.1.0.jar" />
        <option value="C:\Users\Benno Löffler\.m2\repository\org\clojure\tools.gitlibs\1.0.96\tools.gitlibs-1.0.96.jar" />
        <option value="C:\Users\Benno Löffler\.m2\repository\org\eclipse\jgit\org.eclipse.jgit\4.10.0.201712302008-r\org.eclipse.jgit-4.10.0.201712302008-r.jar" />
        <option value="C:\Users\Benno Löffler\.m2\repository\com\jcraft\jsch\0.1.54\jsch-0.1.54.jar" />
        <option value="C:\Users\Benno Löffler\.m2\repository\com\googlecode\javaewah\JavaEWAH\1.1.6\JavaEWAH-1.1.6.jar" />
        <option value="C:\Users\Benno Löffler\.m2\repository\com\jcraft\jsch.agentproxy.connector-factory\0.0.9\jsch.agentproxy.connector-factory-0.0.9.jar" />
        <option value="C:\Users\Benno Löffler\.m2\repository\com\jcraft\jsch.agentproxy.core\0.0.9\jsch.agentproxy.core-0.0.9.jar" />
        <option value="C:\Users\Benno Löffler\.m2\repository\com\jcraft\jsch.agentproxy.usocket-jna\0.0.9\jsch.agentproxy.usocket-jna-0.0.9.jar" />
        <option value="C:\Users\Benno Löffler\.m2\repository\net\java\dev\jna\jna\4.1.0\jna-4.1.0.jar" />
        <option value="C:\Users\Benno Löffler\.m2\repository\net\java\dev\jna\jna-platform\4.1.0\jna-platform-4.1.0.jar" />
        <option value="C:\Users\Benno Löffler\.m2\repository\com\jcraft\jsch.agentproxy.usocket-nc\0.0.9\jsch.agentproxy.usocket-nc-0.0.9.jar" />
        <option value="C:\Users\Benno Löffler\.m2\repository\com\jcraft\jsch.agentproxy.sshagent\0.0.9\jsch.agentproxy.sshagent-0.0.9.jar" />
        <option value="C:\Users\Benno Löffler\.m2\repository\com\jcraft\jsch.agentproxy.pageant\0.0.9\jsch.agentproxy.pageant-0.0.9.jar" />
        <option value="C:\Users\Benno Löffler\.m2\repository\com\jcraft\jsch.agentproxy.jsch\0.0.9\jsch.agentproxy.jsch-0.0.9.jar" />
        <option value="C:\Users\Benno Löffler\.m2\repository\com\jcraft\jzlib\1.1.3\jzlib-1.1.3.jar" />
        <option value="C:\Users\Benno Löffler\.m2\repository\org\clojure\tools.cli\1.0.194\tools.cli-1.0.194.jar" />
        <option value="C:\Users\Benno Löffler\.m2\repository\com\cognitect\aws\api\0.8.408\api-0.8.408.jar" />
        <option value="C:\Users\Benno Löffler\.m2\repository\org\clojure\core.async\0.5.527\core.async-0.5.527.jar" />
        <option value="C:\Users\Benno Löffler\.m2\repository\org\clojure\tools.analyzer.jvm\0.7.2\tools.analyzer.jvm-0.7.2.jar" />
        <option value="C:\Users\Benno Löffler\.m2\repository\org\clojure\tools.analyzer\0.6.9\tools.analyzer-0.6.9.jar" />
        <option value="C:\Users\Benno Löffler\.m2\repository\org\clojure\core.memoize\0.5.9\core.memoize-0.5.9.jar" />
        <option value="C:\Users\Benno Löffler\.m2\repository\org\clojure\core.cache\0.6.5\core.cache-0.6.5.jar" />
        <option value="C:\Users\Benno Löffler\.m2\repository\org\clojure\data.priority-map\0.0.7\data.priority-map-0.0.7.jar" />
        <option value="C:\Users\Benno Löffler\.m2\repository\org\ow2\asm\asm-all\4.2\asm-all-4.2.jar" />
        <option value="C:\Users\Benno Löffler\.m2\repository\org\clojure\tools.reader\1.0.0-beta4\tools.reader-1.0.0-beta4.jar" />
        <option value="C:\Users\Benno Löffler\.m2\repository\org\clojure\tools.logging\0.5.0\tools.logging-0.5.0.jar" />
        <option value="C:\Users\Benno Löffler\.m2\repository\commons-codec\commons-codec\1.13\commons-codec-1.13.jar" />
        <option value="C:\Users\Benno Löffler\.m2\repository\org\clojure\data.json\0.2.7\data.json-0.2.7.jar" />
        <option value="C:\Users\Benno Löffler\.m2\repository\com\cognitect\http-client\0.1.101\http-client-0.1.101.jar" />
        <option value="C:\Users\Benno Löffler\.m2\repository\org\eclipse\jetty\jetty-client\9.4.15.v20190215\jetty-client-9.4.15.v20190215.jar" />
        <option value="C:\Users\Benno Löffler\.m2\repository\org\eclipse\jetty\jetty-io\9.4.15.v20190215\jetty-io-9.4.15.v20190215.jar" />
        <option value="C:\Users\Benno Löffler\.m2\repository\org\eclipse\jetty\jetty-http\9.4.15.v20190215\jetty-http-9.4.15.v20190215.jar" />
        <option value="C:\Users\Benno Löffler\.m2\repository\org\eclipse\jetty\jetty-util\9.4.15.v20190215\jetty-util-9.4.15.v20190215.jar" />
        <option value="C:\Users\Benno Löffler\.m2\repository\com\cognitect\aws\endpoints\1.1.11.705\endpoints-1.1.11.705.jar" />
        <option value="C:\Users\Benno Löffler\.m2\repository\com\cognitect\aws\s3\784.2.593.0\s3-784.2.593.0.jar" />
        <option value="C:\Users\Benno Löffler\.m2\repository\javax\inject\javax.inject\1\javax.inject-1.jar" />
        <option value="C:\Users\Benno Löffler\.m2\repository\org\clojure\clojure\1.9.0\clojure-1.9.0.jar" />
        <option value="C:\Users\Benno Löffler\.m2\repository\org\clojure\spec.alpha\0.1.143\spec.alpha-0.1.143.jar" />
        <option value="C:\Users\Benno Löffler\.m2\repository\org\clojure\core.specs.alpha\0.1.24\core.specs.alpha-0.1.24.jar" />
      </list>
    </option>
    <option name="downloadedToolsDepsVersion" value="0.9.763" />
    <option name="toolsDepsVersion" value="0.9.763" />
    <option name="toolsDepsVersions">
      <list>
        <option value="0.9.763" />
        <option value="0.9.759" />
        <option value="0.9.755" />
        <option value="0.9.751" />
        <option value="0.9.745" />
        <option value="0.8.709" />
        <option value="0.8.702" />
        <option value="0.8.695" />
        <option value="0.8.677" />
        <option value="0.8.666" />
        <option value="0.8.661" />
        <option value="0.8.640" />
        <option value="0.8.633" />
        <option value="0.8.624" />
        <option value="0.8.599" />
        <option value="0.8.591" />
        <option value="0.8.584" />
        <option value="0.8.578" />
        <option value="0.8.573" />
        <option value="0.8.567" />
        <option value="0.8.559" />
        <option value="0.7.549" />
        <option value="0.7.541" />
        <option value="0.7.535" />
        <option value="0.7.527" />
        <option value="0.7.516" />
        <option value="0.7.511" />
        <option value="0.7.505" />
        <option value="0.6.496" />
        <option value="0.6.488" />
        <option value="0.6.480" />
        <option value="0.6.474" />
        <option value="0.5.460" />
        <option value="0.5.452" />
        <option value="0.5.442" />
        <option value="0.5.435" />
        <option value="0.5.425" />
        <option value="0.5.417" />
        <option value="0.5.410" />
        <option value="0.5.398" />
        <option value="0.5.393" />
        <option value="0.5.388" />
        <option value="0.5.383" />
        <option value="0.5.373" />
        <option value="0.5.351" />
        <option value="0.5.342" />
        <option value="0.5.338" />
        <option value="0.5.334" />
        <option value="0.5.329" />
        <option value="0.5.323" />
        <option value="0.5.317" />
        <option value="0.4.295" />
        <option value="0.4.291" />
        <option value="0.4.277" />
        <option value="0.4.276" />
        <option value="0.3.260" />
        <option value="0.3.254" />
        <option value="0.3.249" />
        <option value="0.3.245" />
        <option value="0.3.240" />
        <option value="0.3.236" />
        <option value="0.3.231" />
        <option value="0.3.225" />
        <option value="0.3.220" />
        <option value="0.2.196" />
        <option value="0.2.190" />
        <option value="0.2.183" />
        <option value="0.2.179" />
        <option value="0.2.173" />
        <option value="0.2.167" />
        <option value="0.2.162" />
        <option value="0.2.155" />
        <option value="0.2.140" />
        <option value="0.2.135" />
        <option value="0.2.130" />
        <option value="0.2.122" />
        <option value="0.2.116" />
        <option value="0.1.108" />
        <option value="0.1.103" />
        <option value="0.1.100" />
        <option value="0.1.98" />
        <option value="0.1.94" />
        <option value="0.1.90" />
        <option value="0.1.85" />
        <option value="0.1.78" />
        <option value="0.1.73" />
        <option value="0.1.68" />
        <option value="0.1.62" />
        <option value="0.1.56" />
        <option value="0.1.40" />
        <option value="0.1.35" />
        <option value="0.1.29" />
        <option value="0.1.14" />
      </list>
    </option>
  </component>
</application>