<application>
  <component name="CodeInsightSettings">
    <option name="SHOW_PARAMETER_NAME_HINTS_ON_COMPLETION" value="true" />
    <option name="SHOW_FULL_SIGNATURES_IN_PARAMETER_INFO" value="true" />
  </component>
  <component name="DaemonCodeAnalyzerSettings">
    <option name="SHOW_METHOD_SEPARATORS" value="true" />
  </component>
  <component name="EditorSettings">
    <option name="USE_SOFT_WRAPS" value="" />
    <option name="SHOW_QUICK_DOC_ON_MOUSE_OVER_ELEMENT" value="false" />
    <option name="IS_WHEEL_FONTCHANGE_ENABLED" value="true" />
  </component>
</application>