<application>
  <component name="ProjectManager">
    <defaultProject>
      <component name="ClojureProjectResolveSettings">
        <currentScheme>IDE</currentScheme>
      </component>
      <component name="Git.Settings">
        <option name="ROOT_SYNC" value="DONT_SYNC" />
      </component>
      <component name="PropertiesComponent">
        <property name="last_opened_file_path" value="C:/Program Files/Git/bin/git.exe" />
        <property name="settings.editor.selected.configurable" value="vcs.Git" />
      </component>
      <component name="VcsContentAnnotationSettings">
        <option name="myLimit" value="2678400000" />
      </component>
    </defaultProject>
  </component>
</application>