<application>
  <component name="AbbreviationManager">
    <abbreviations>
      <action id=":cursive.repl.actions/clear-repl">
        <abbreviation name="co" />
        <abbreviation name="cccco" />
      </action>
      <action id=":cursive.testing.actions/remove-test-markers">
        <abbreviation name="ct" />
        <abbreviation name="cccct" />
      </action>
      <action id="ShowCursiveCheatSheet">
        <abbreviation name="cs" />
        <abbreviation name="ccccs" />
      </action>
    </abbreviations>
  </component>
</application>