<keymap version="1" name="Default for KDE copy" parent="Default for KDE">
  <action id=":cursive.actions.paredit/barf-backwards">
    <keyboard-shortcut first-keystroke="ctrl alt k" />
    <keyboard-shortcut first-keystroke="ctrl alt page_down" />
  </action>
  <action id=":cursive.actions.paredit/barf-forwards">
    <keyboard-shortcut first-keystroke="shift alt j" />
    <keyboard-shortcut first-keystroke="alt page_up" />
  </action>
  <action id=":cursive.actions.paredit/slurp-backwards">
    <keyboard-shortcut first-keystroke="ctrl alt j" />
    <keyboard-shortcut first-keystroke="ctrl alt page_up" />
  </action>
  <action id=":cursive.actions.paredit/slurp-forwards">
    <keyboard-shortcut first-keystroke="shift alt k" />
    <keyboard-shortcut first-keystroke="alt page_down" />
  </action>
  <action id=":cursive.editor.actions/show-type">
    <keyboard-shortcut first-keystroke="alt equals" />
    <keyboard-shortcut first-keystroke="alt t" />
  </action>
  <action id=":cursive.repl.actions/interrupt">
    <keyboard-shortcut first-keystroke="ctrl windows" second-keystroke="i" />
  </action>
  <action id=":cursive.repl.actions/jump-to-output">
    <keyboard-shortcut first-keystroke="ctrl alt windows" second-keystroke="multiply" />
  </action>
  <action id=":cursive.repl.actions/jump-to-repl">
    <keyboard-shortcut first-keystroke="ctrl back_slash" />
    <keyboard-shortcut first-keystroke="ctrl #10000df" />
  </action>
  <action id=":cursive.repl.actions/load-file">
    <keyboard-shortcut first-keystroke="ctrl windows" second-keystroke="l" />
  </action>
  <action id=":cursive.repl.actions/macroexpansion">
    <keyboard-shortcut first-keystroke="ctrl alt windows" second-keystroke="m" />
  </action>
  <action id=":cursive.repl.actions/print-exception">
    <keyboard-shortcut first-keystroke="ctrl windows" second-keystroke="e" />
  </action>
  <action id=":cursive.repl.actions/run-last-sexp">
    <keyboard-shortcut first-keystroke="ctrl plus" />
  </action>
  <action id=":cursive.repl.actions/run-top-sexp">
    <keyboard-shortcut first-keystroke="shift alt p" />
    <keyboard-shortcut first-keystroke="ctrl enter" />
  </action>
  <action id=":cursive.testing.actions/rerun-last-test">
    <keyboard-shortcut first-keystroke="ctrl t" />
  </action>
  <action id=":cursive.testing.actions/run-ns-tests">
    <keyboard-shortcut first-keystroke="ctrl windows" second-keystroke="t" />
  </action>
  <action id=":cursive.testing.actions/run-single-test">
    <keyboard-shortcut first-keystroke="ctrl number_sign" />
  </action>
  <action id="Clojure.ClojureFile">
    <keyboard-shortcut first-keystroke="ctrl alt windows" second-keystroke="n" />
  </action>
  <action id="Cursive.Repl.Command.all-files-Refresh">
    <keyboard-shortcut first-keystroke="ctrl alt number_sign" second-keystroke="r" />
  </action>
  <action id="Cursive.Repl.Command.all-repl--Ns">
    <keyboard-shortcut first-keystroke="ctrl alt number_sign" second-keystroke="n" />
  </action>
  <action id="Cursive.Repl.Command.exec-Tests">
    <keyboard-shortcut first-keystroke="ctrl alt number_sign" second-keystroke="t" />
  </action>
  <action id="EditorBackSpace">
    <keyboard-shortcut first-keystroke="back_space" />
  </action>
  <action id="ToggleDistractionFreeMode">
    <keyboard-shortcut first-keystroke="shift ctrl alt number_sign" />
  </action>
  <action id="ToggleFullScreen">
    <keyboard-shortcut first-keystroke="shift ctrl alt #10000c4" />
  </action>
  <action id="TogglePresentationMode">
    <keyboard-shortcut first-keystroke="shift ctrl alt plus" />
  </action>
  <action id="ViewImportPopups">
    <keyboard-shortcut first-keystroke="ctrl alt windows" second-keystroke="i" />
  </action>
</keymap>