<keymap version="1" name="Default copy" parent="$default">
  <action id=":cursive.repl.actions/interrupt">
    <keyboard-shortcut first-keystroke="ctrl alt windows" second-keystroke="s" />
  </action>
  <action id=":cursive.repl.actions/jump-to-repl">
    <keyboard-shortcut first-keystroke="ctrl alt windows" second-keystroke="divide" />
  </action>
  <action id=":cursive.repl.actions/macroexpansion">
    <keyboard-shortcut first-keystroke="shift ctrl back_slash" />
    <keyboard-shortcut first-keystroke="ctrl alt windows" second-keystroke="m" />
  </action>
  <action id=":cursive.repl.actions/run-last-sexp">
    <keyboard-shortcut first-keystroke="shift alt enter" />
  </action>
  <action id=":cursive.testing.actions/run-ns-tests">
    <keyboard-shortcut first-keystroke="ctrl alt windows" second-keystroke="shift t" />
  </action>
  <action id=":cursive.testing.actions/run-single-test">
    <keyboard-shortcut first-keystroke="ctrl alt windows" second-keystroke="t" />
  </action>
  <action id="EditorPopupMenu">
    <keyboard-shortcut first-keystroke="num_lock" />
  </action>
  <action id="Git.CreateNewTag">
    <keyboard-shortcut first-keystroke="alt t" />
  </action>
  <action id="ShowCursiveCheatSheet">
    <keyboard-shortcut first-keystroke="shift num_lock" />
  </action>
  <action id="ToggleDistractionFreeMode">
    <keyboard-shortcut first-keystroke="ctrl alt d" />
  </action>
</keymap>