<keymap version="1" name="Windows copy" parent="$default">
  <action id=":cursive.actions.paredit/toggle">
    <keyboard-shortcut first-keystroke="ctrl alt back_space" />
  </action>
  <action id=":cursive.repl.actions/run-top-sexp">
    <keyboard-shortcut first-keystroke="shift alt p" />
    <keyboard-shortcut first-keystroke="ctrl enter" />
  </action>
  <action id="ToggleDistractionFreeMode">
    <keyboard-shortcut first-keystroke="shift ctrl alt d" />
  </action>
  <action id="ToggleZenMode">
    <keyboard-shortcut first-keystroke="shift ctrl alt z" />
  </action>
</keymap>